{"cameraMode":{"drawMode":0,"name":"Shaded","section":"Shading Mode"},"sceneLighting":true,"audioPlay":false,"sceneViewState":{"showFog":true,"showMaterialUpdate":false,"showSkybox":true,"showFlares":true,"showImageEffects":true,"showParticleSystems":true},"in2DMode":false,"pivot":{"x":-1.9999994039535523,"y":251.9999237060547,"z":-174.64390563964845},"rotation":{"x":0.14851874113082887,"y":0.587255597114563,"z":-0.11069878190755844,"w":0.7879319787025452},"size":22.0,"orthographic":false}